{
  "bleu": 63.86774143149732,
  "sari": 29.254695665335227
}