{
  "bleu": 64.93291731939466,
  "sari": 26.539944058988745
}