{
  "bleu": 64.32043094584168,
  "sari": 26.729844442735818
}