{
  "bleu": 63.907706685416095,
  "sari": 29.03276449541811
}