{
  "bleu": 64.60965741144541,
  "sari": 28.082708509522625
}