{
  "bleu": 65.1225325677721,
  "sari": 29.656272519006766
}