{
  "bleu": 63.889084640499654,
  "sari": 29.197215167620104
}