{
  "bleu": 64.2912885338409,
  "sari": 28.823489645360116
}