{
  "bleu": 65.19424256841737,
  "sari": 28.694290278306344
}